{"DxD_site_1": {"SRV_server": {"accuracy": 0.573834454421949}}, "DxD_site_2": {"SRV_server": {"accuracy": 0.5117050676435618}}}